Time,data
1623415399.3135123,indiv-illustrate
1623415520.2949283,pretest-1
1623416567.6641622,collab-activity-2
1623416930.172603,posttest-1
