Time,header.seq,header.stamp.secs,header.stamp.nsecs,header.frame_id,name,state
1623408548.7556012,1,1623408548,755453109,indiv-illustrate,erase,enabled
1623408574.6940758,2,1623408574,692766427,indiv-illustrate,submit,enabled
1623408629.332766,3,1623408629,332314729,pretest-1,erase,enabled
1623408681.2032344,4,1623408681,202201128,pretest-1,submit,enabled
1623408681.2554696,5,1623408681,255192041,pretest-1,submit,enabled
1623408685.9856606,6,1623408685,985258102,pretest-1,yes,enabled
1623408751.2159827,7,1623408751,215867280,pretest-2,submit,enabled
1623408753.4301133,8,1623408753,429414510,pretest-2,yes,enabled
1623408809.8319,9,1623408809,830297946,pretest-3,submit,enabled
1623408812.432187,10,1623408812,431757926,pretest-3,no,enabled
1623408816.3607967,11,1623408816,359174966,pretest-3,submit,enabled
1623408818.6260004,12,1623408818,625482559,pretest-3,yes,enabled
1623408878.5120683,13,1623408878,511877298,pretest-4,submit,enabled
1623408878.7800617,14,1623408878,779730319,pretest-4,submit,selected
1623408880.868486,15,1623408880,868112087,pretest-4,yes,enabled
1623408918.6825514,16,1623408918,682367086,pretest-5,submit,enabled
1623408920.7377129,17,1623408920,737236499,pretest-5,yes,enabled
1623409647.2213895,1,1623409647,219253063,collab-activity,submit,enabled
1623409989.2846177,2,1623409989,281883955,collab-activity,submit,enabled
1623410219.426729,3,1623410219,425403594,collab-activity,submit,enabled
1623410793.941512,4,1623410793,939587831,collab-activity-2,submit,enabled
1623411056.1036763,5,1623411056,103557348,collab-activity-2,submit,enabled
1623411253.717934,1,1623411253,716478347,posttest-1,submit,enabled
1623411255.6377175,2,1623411255,637614011,posttest-1,yes,enabled
1623411295.2047358,3,1623411295,203169107,posttest-2,submit,enabled
1623411296.9326916,4,1623411296,932548284,posttest-2,yes,enabled
1623411334.1216161,5,1623411334,120847463,posttest-3,submit,enabled
1623411335.3705168,6,1623411335,370321989,posttest-3,yes,enabled
1623411366.7506752,7,1623411366,748913049,posttest-4,submit,enabled
1623411368.2641525,8,1623411368,263529539,posttest-4,yes,enabled
1623411401.151102,9,1623411401,148915052,posttest-5,submit,enabled
1623411403.043701,10,1623411403,43471574,posttest-5,yes,enabled
