Time,header.seq,header.stamp.secs,header.stamp.nsecs,header.frame_id,name,state
1623415481.0681236,1,1623415481,67956209,indiv-illustrate,erase,enabled
1623415511.0938861,2,1623415511,92290401,indiv-illustrate,submit,enabled
1623415617.2925608,3,1623415617,291676044,pretest-1,submit,enabled
1623415619.327666,4,1623415619,327228784,pretest-1,yes,enabled
1623415702.6715252,5,1623415702,670575141,pretest-2,erase,enabled
1623415755.8802457,6,1623415755,879311800,pretest-2,submit,enabled
1623415757.7774155,7,1623415757,776960611,pretest-2,no,enabled
1623415782.073783,8,1623415782,73251485,pretest-2,erase,enabled
1623415833.31663,9,1623415833,314863920,pretest-2,submit,enabled
1623415835.0377874,10,1623415835,37285804,pretest-2,yes,enabled
1623415930.0248892,11,1623415930,23482799,pretest-3,submit,enabled
1623415932.0002277,12,1623415931,999706029,pretest-3,yes,enabled
1623415998.346304,13,1623415998,344476222,pretest-4,submit,enabled
1623416000.0145967,14,1623416000,14146089,pretest-4,yes,enabled
1623416043.7677624,15,1623416043,766022443,pretest-5,submit,enabled
1623416045.4094007,16,1623416045,408761739,pretest-5,yes,enabled
1623416548.3721762,17,1623416548,370096683,collab-activity,submit,enabled
1623416912.7378805,18,1623416912,737696886,collab-activity-2,submit,enabled
1623417139.8450544,1,1623417139,844135284,posttest-1,submit,enabled
1623417141.2035239,2,1623417141,203407287,posttest-1,yes,enabled
1623417180.1579497,3,1623417180,157466173,posttest-2,erase,enabled
1623417185.1913815,4,1623417185,190931081,posttest-2,erase,disabled
1623417185.2141647,5,1623417185,213745355,posttest-2,erase,disabled
1623417223.181282,6,1623417223,181191444,posttest-2,submit,enabled
1623417225.0926678,7,1623417225,92267513,posttest-2,yes,enabled
1623417287.6628253,8,1623417287,661884307,posttest-3,submit,enabled
1623417299.1480203,9,1623417299,147444248,posttest-3,yes,enabled
1623417345.4036324,10,1623417345,403355360,posttest-4,submit,enabled
1623417351.6348696,11,1623417351,634429931,posttest-4,yes,enabled
1623417417.864042,12,1623417417,863846540,posttest-5,submit,enabled
1623417419.7279477,13,1623417419,727401018,posttest-5,yes,enabled
