Time,data
1623408472.8791249,indiv-illustrate
1623408583.861942,pretest-1
1623409051.3510733,indiv-illustrate
1623411073.4046655,posttest-1
