Time,data
0.0,indiv-illustrate
87.09926795959473,indiv-illustrate
191.8746452331543,pretest-1
1174.340693473816,collab-activity-2
