Time,data
1623235693.690403,indiv-illustrate
1623235780.789671,indiv-illustrate
1623235885.5650482,pretest-1
1623236868.0310965,collab-activity-2
