Time,data
1623235453.026819,init
1623235735.3242948,start
