Time,data
1623241949.1870852,indiv-illustrate
1623242065.2682753,pretest-1
