Time,header.seq,header.stamp.secs,header.stamp.nsecs,header.frame_id,name,state
1623242023.8158956,1,1623242023,815656423,indiv-illustrate,erase,enabled
1623242024.1294572,2,1623242024,128574371,indiv-illustrate,erase,selected
1623242056.0508814,3,1623242056,49311637,indiv-illustrate,submit,enabled
1623242158.1820955,4,1623242158,180763244,pretest-1,submit,enabled
1623242162.5910406,5,1623242162,590598821,pretest-1,yes,enabled
1623242216.915476,6,1623242216,915290355,pretest-2,erase,enabled
1623242250.8451014,7,1623242250,844001293,pretest-2,submit,enabled
1623242253.0874035,8,1623242253,87230205,pretest-2,yes,enabled
1623242313.537793,9,1623242313,536695003,pretest-3,submit,enabled
1623242315.4262688,10,1623242315,425694465,pretest-3,yes,enabled
1623242383.2214603,11,1623242383,220951318,pretest-4,erase,enabled
1623242427.567294,12,1623242427,566472768,pretest-4,submit,enabled
1623242430.7655797,13,1623242430,765133142,pretest-4,yes,enabled
1623242471.3077736,14,1623242471,306231498,pretest-5,submit,enabled
1623242471.9002252,15,1623242471,899791002,pretest-5,submit,selected
1623242478.940415,16,1623242478,940215110,pretest-5,no,enabled
1623242490.276648,17,1623242490,275585651,pretest-5,submit,enabled
1623242492.0987003,18,1623242492,98084211,pretest-5,yes,enabled
1623243199.037874,19,1623243199,36000490,collab-activity,submit,enabled
1623243572.8755531,20,1623243572,873441457,collab-activity,submit,enabled
1623243921.6543334,21,1623243921,653872728,collab-activity,submit,enabled
1623243939.9338715,22,1623243939,931706428,collab-activity,submit,enabled
1623244364.9137125,23,1623244364,913582563,collab-activity-2,submit,enabled
1623244950.7588058,1,1623244950,757514238,collab-activity-2,submit,enabled
