Time,header.seq,header.stamp.secs,header.stamp.nsecs,header.frame_id,name,state
1623227715.600644,1,1623227715,600174427,indiv-illustrate,erase,enabled
1623227748.0106812,2,1623227748,9336233,indiv-illustrate,submit,enabled
1623227748.5934665,3,1623227748,593030452,indiv-illustrate,submit,selected
1623227756.5889053,4,1623227756,588448762,indiv-illustrate,submit,selected
1623227841.2068665,5,1623227841,206081867,pretest-1,submit,enabled
1623227845.7702425,6,1623227845,769875526,pretest-1,yes,enabled
1623227906.5668204,7,1623227906,565814495,pretest-2,submit,enabled
1623227908.7666569,8,1623227908,766010046,pretest-2,yes,enabled
1623227964.231527,9,1623227964,229994773,pretest-3,submit,enabled
1623227964.7480345,10,1623227964,747607707,pretest-3,submit,selected
1623227968.338957,11,1623227968,338531494,pretest-3,yes,enabled
1623228036.2705922,12,1623228036,270392417,pretest-4,submit,enabled
1623228039.424471,13,1623228039,423952341,pretest-4,yes,enabled
1623228099.385519,14,1623228099,383875131,pretest-5,submit,enabled
1623228101.8563924,15,1623228101,855916738,pretest-5,yes,enabled
1623229069.8145657,1,1623229069,812124729,collab-activity,submit,enabled
1623229914.0853925,2,1623229914,83225250,collab-activity,submit,enabled
1623230294.7070606,3,1623230294,702988862,collab-activity-2,submit,enabled
1623230315.909712,4,1623230315,908039569,collab-activity-2,submit,enabled
1623230668.5832658,5,1623230668,583044767,collab-activity-2,submit,enabled
1623230938.5020432,6,1623230938,500702381,collab-activity-2,submit,enabled
1623231346.5934615,1,1623231346,591137886,posttest-1,submit,enabled
1623231349.3046918,2,1623231349,304529666,posttest-1,yes,enabled
1623231389.8214536,3,1623231389,820528984,posttest-2,submit,enabled
1623231392.7540143,4,1623231392,753439664,posttest-2,yes,enabled
1623231432.3809946,5,1623231432,380893468,posttest-3,submit,enabled
1623231436.5376642,6,1623231436,537251949,posttest-3,yes,enabled
1623231480.3854685,7,1623231480,384108781,posttest-4,submit,enabled
1623231483.8483267,8,1623231483,847800254,posttest-4,yes,enabled
1623231543.7954428,9,1623231543,793871879,posttest-5,submit,enabled
1623231546.6889973,10,1623231546,688606500,posttest-5,yes,enabled
