Time,header.seq,header.stamp.secs,header.stamp.nsecs,header.frame_id,name,state
1623062824.8513799,1,1623062824,850966930,indiv-illustrate,erase,enabled
1623062849.0237389,2,1623062849,22970676,indiv-illustrate,submit,enabled
1623062920.6782742,3,1623062920,676482200,pretest-1,submit,enabled
1623062926.0517328,4,1623062926,51174163,pretest-1,yes,enabled
1623062970.0610356,5,1623062970,59509277,pretest-2,submit,enabled
1623062972.0667782,6,1623062972,66192150,pretest-2,yes,enabled
1623063019.5496,7,1623063019,548799991,pretest-3,submit,enabled
1623063021.2073715,8,1623063021,207240819,pretest-3,yes,enabled
1623063083.190798,9,1623063083,190361022,pretest-4,erase,enabled
1623063115.0341253,10,1623063115,31028985,pretest-4,submit,enabled
1623063117.1643803,11,1623063117,163924932,pretest-4,yes,enabled
1623063157.8710766,12,1623063157,869253635,pretest-5,submit,enabled
1623063159.4034042,13,1623063159,402844429,pretest-5,yes,enabled
1623064050.3586543,14,1623064050,357256412,collab-activity,submit,enabled
1623064376.7621145,15,1623064376,759936094,collab-activity,submit,enabled
1623064922.1515763,16,1623064922,151200294,collab-activity-2,submit,enabled
1623064929.6673322,17,1623064929,665747404,collab-activity-2,submit,enabled
1623065229.1936433,18,1623065229,191848993,collab-activity-2,submit,enabled
1623065550.02707,19,1623065550,26642799,collab-activity-2,submit,enabled
1623065626.7908142,20,1623065626,789975643,posttest-1,submit,enabled
1623065628.8527634,21,1623065628,852297306,posttest-1,yes,enabled
1623065684.816229,22,1623065684,814956903,posttest-2,submit,enabled
1623065686.4519596,23,1623065686,451413393,posttest-2,yes,enabled
1623065712.4711642,24,1623065712,469792604,posttest-3,submit,enabled
1623065716.2354696,25,1623065716,235008478,posttest-3,yes,enabled
1623065771.4787762,26,1623065771,478527545,posttest-4,submit,enabled
1623065775.4048455,27,1623065775,404367208,posttest-4,yes,enabled
1623065804.8103135,28,1623065804,810074329,posttest-5,submit,enabled
1623065807.3672578,29,1623065807,366709709,posttest-5,yes,enabled
