Time,data
1623228444.8486989,init
1623231181.8922787,collab-activity-2
