Time,data
1623227641.5331604,indiv-illustrate
1623227757.3801475,pretest-1
