Time,header.seq,header.stamp.secs,header.stamp.nsecs,header.frame_id,name,state
1623235852.6719882,1,1623235852,671601772,indiv-illustrate,erase,enabled
1623235876.4609509,2,1623235876,459365129,indiv-illustrate,submit,enabled
1623235959.8756654,3,1623235959,875564098,pretest-1,erase,enabled
1623236012.7091427,4,1623236012,707640171,pretest-1,submit,enabled
1623236019.6956482,5,1623236019,695224523,pretest-1,yes,enabled
1623236072.468705,6,1623236072,467242956,pretest-2,submit,enabled
1623236074.6348753,7,1623236074,634535789,pretest-2,yes,enabled
1623236145.805561,8,1623236145,804140329,pretest-3,submit,enabled
1623236147.9099302,9,1623236147,909521579,pretest-3,yes,enabled
1623236186.0135071,10,1623236186,12566089,pretest-4,submit,enabled
1623236187.6459908,11,1623236187,645838022,pretest-4,yes,enabled
1623236220.2263358,12,1623236220,226213693,pretest-5,submit,enabled
1623236220.2600672,13,1623236220,259831190,pretest-5,submit,enabled
1623236220.9788659,14,1623236220,978443145,pretest-5,submit,selected
1623236220.997864,15,1623236220,997522115,pretest-5,submit,selected
1623236223.4223669,16,1623236223,421855211,pretest-5,yes,enabled
1623236516.4374478,17,1623236516,434884071,collab-activity,submit,enabled
1623236848.463189,18,1623236848,463070631,collab-activity,submit,enabled
1623236911.1046786,19,1623236911,104312419,collab-activity-2,erase,enabled
1623237149.802016,20,1623237149,800197124,collab-activity-2,submit,enabled
1623237535.2221816,21,1623237535,221986293,collab-activity-2,submit,enabled
1623237556.5566804,22,1623237556,554854393,collab-activity-2,submit,enabled
1623237836.067816,23,1623237836,65980195,collab-activity-2,submit,enabled
1623238074.0720277,24,1623238074,70619106,collab-activity-2,submit,enabled
1623238137.663929,25,1623238137,662369966,posttest-1,submit,enabled
1623238139.7862158,26,1623238139,785696268,posttest-1,yes,enabled
1623238156.5574455,27,1623238156,556293487,posttest-2,submit,enabled
1623238159.3986712,28,1623238159,398186206,posttest-2,yes,enabled
1623238187.8388472,29,1623238187,837585449,posttest-3,submit,enabled
1623238190.008017,30,1623238190,7458448,posttest-3,yes,enabled
1623238198.562968,31,1623238198,560720443,posttest-4,submit,enabled
1623238200.477919,32,1623238200,477384090,posttest-4,yes,enabled
1623238214.3991783,33,1623238214,397610187,posttest-5,submit,enabled
1623238216.1593845,34,1623238216,159280776,posttest-5,yes,enabled
