Time,header.seq,header.stamp.secs,header.stamp.nsecs,header.frame_id,name,state
1623048901.2911456,1,1623048901,290609121,indiv-illustrate,erase,enabled
1623048920.9771502,2,1623048920,975028991,indiv-illustrate,submit,enabled
1623049022.9269125,3,1623049022,926099538,pretest-1,submit,enabled
1623049025.8819447,4,1623049025,881388902,pretest-1,yes,enabled
1623049113.1544454,5,1623049113,154248476,pretest-2,submit,enabled
1623049115.6133387,6,1623049115,612958192,pretest-2,yes,enabled
1623049181.0655835,7,1623049181,64272403,pretest-3,submit,enabled
1623049183.828191,8,1623049183,828040361,pretest-3,yes,enabled
1623049248.7416308,9,1623049248,740199089,pretest-4,submit,enabled
1623049250.8853016,10,1623049250,884845018,pretest-4,yes,enabled
1623049297.927759,11,1623049297,926378250,pretest-5,submit,enabled
1623049299.970886,12,1623049299,970346212,pretest-5,yes,enabled
1623049960.083501,13,1623049960,80915927,collab-activity,submit,enabled
1623050378.007332,14,1623050378,4871368,collab-activity,submit,enabled
1623051101.954542,15,1623051101,952579021,collab-activity-2,submit,enabled
1623051326.0587275,16,1623051326,56459188,collab-activity-2,submit,enabled
1623051391.9606602,17,1623051391,959189653,posttest-1,submit,enabled
1623051393.4997485,18,1623051393,499218225,posttest-1,yes,enabled
1623051426.6307805,19,1623051426,630558729,posttest-2,submit,enabled
1623051428.1961539,20,1623051428,195724010,posttest-2,yes,enabled
1623051464.8055243,21,1623051464,804146528,posttest-3,submit,enabled
1623051466.4117799,22,1623051466,411310434,posttest-3,yes,enabled
1623051516.251157,23,1623051516,251060724,posttest-4,submit,enabled
1623051516.2844346,24,1623051516,284322023,posttest-4,submit,selected
1623051516.3016512,25,1623051516,301346540,posttest-4,submit,selected
1623051517.034448,26,1623051517,34115314,posttest-4,submit,selected
1623051518.6255388,27,1623051518,625106096,posttest-4,yes,enabled
1623051556.169084,28,1623051556,167695045,posttest-5,submit,enabled
1623051558.221489,29,1623051558,220990657,posttest-5,yes,enabled
