Time,header.seq,header.stamp.secs,header.stamp.nsecs,header.frame_id,name,state
1623069137.2865763,1,1623069137,286397695,indiv-illustrate,erase,enabled
1623069159.8439329,2,1623069159,842921257,indiv-illustrate,submit,enabled
1623069173.703398,3,1623069173,702860116,indiv-illustrate,submit,selected
1623069185.359432,4,1623069185,358991622,indiv-illustrate,submit,selected
1623069281.359495,5,1623069281,357864379,pretest-1,submit,enabled
1623069284.3197947,6,1623069284,319289445,pretest-1,yes,enabled
1623069365.6180382,7,1623069365,616433382,pretest-2,submit,enabled
1623069367.4618487,8,1623069367,461311578,pretest-2,yes,enabled
1623069425.906969,9,1623069425,905403375,pretest-3,submit,enabled
1623069427.5854769,10,1623069427,585297822,pretest-3,yes,enabled
1623069471.7409835,11,1623069471,738649368,pretest-4,submit,enabled
1623069473.5998948,12,1623069473,599430322,pretest-4,yes,enabled
1623069520.6002805,13,1623069520,598710775,pretest-5,submit,enabled
1623069522.4853313,14,1623069522,484889507,pretest-5,yes,enabled
1623070085.7096279,15,1623070085,709445953,collab-activity,submit,enabled
1623070393.8346958,16,1623070393,834519386,collab-activity,submit,enabled
1623070650.1736007,17,1623070650,171678543,collab-activity,submit,enabled
1623071295.7522938,1,1623071295,749196290,collab-activity,submit,enabled
1623071784.4462595,2,1623071784,444922685,collab-activity-2,submit,enabled
1623072034.186161,3,1623072034,185725688,collab-activity-2,submit,enabled
1623072042.3195155,4,1623072042,317381858,collab-activity-2,submit,enabled
1623072096.8956213,5,1623072096,894037961,posttest-1,submit,enabled
1623072098.8467355,6,1623072098,846101045,posttest-1,yes,enabled
1623072128.9304273,7,1623072128,928264379,posttest-2,submit,enabled
1623072130.813772,8,1623072130,813128471,posttest-2,yes,enabled
1623072158.768134,9,1623072158,766644001,posttest-3,submit,enabled
1623072160.6741133,10,1623072160,673692703,posttest-3,yes,enabled
1623072186.9652917,11,1623072186,965138196,posttest-4,submit,enabled
1623072188.6568751,12,1623072188,656362295,posttest-4,yes,enabled
1623072234.8006384,13,1623072234,799771070,posttest-5,submit,enabled
1623072236.4992852,14,1623072236,499113321,posttest-5,yes,enabled
