Time,data
1623221125.3194513,indiv-illustrate
1623221230.1619794,pretest-1
1623223849.7749825,collab-activity-2
