Time,data
0.0,indiv-illustrate
120.98141598701477,pretest-1
1168.3506498336792,collab-activity-2
1530.8590905666351,posttest-1
