participant,pretest_feasible,posttest_feasible,pretest_optimal,posttest_optimal,pretest_error,posttest_error
1,1.0,1.0,0.4,0.8,0.16952380952380955,0.013333333333333332
2,0.8,1.0,0.0,0.8,0.31047619047619046,0.009523809523809523
3,1.0,1.0,0.2,1.0,0.040634920634920635,0.0
4,0.8,1.0,0.0,0.0,0.3898412698412698,0.3555555555555555
5,1.0,0.8,0.0,0.0,0.3003174603174603,0.16698412698412696
6,1.0,0.8,0.0,0.0,0.30984126984126986,0.14984126984126983
7,0.4,0.0,0.2,0.0,0.04,0.0
8,1.0,1.0,0.0,0.0,0.9257142857142858,0.1034920634920635
9,1.0,1.0,0.8,0.8,0.013333333333333332,0.009523809523809523
