Time,data
0.0,indiv-illustrate
110.98281717300415,pretest-1
578.4719483852386,indiv-illustrate
2600.525540828705,posttest-1
