Time,data
0.0,indiv-illustrate
104.84252834320068,pretest-1
2724.455531358719,collab-activity-2
